[{"Name":"geo-3542","ClippingPlanesJson":"{\"Type\":\"ClipPlaneSet\",\"Version\":1,\"OrientedBox\":{\"Type\":\"OrientedBox3D\",\"Version\":1,\"Box\":[[505281.65277292888,703684.55960782978,-188.7603399294],[505296.66349405679,704561.29233164282,105.1936260098]],\"Rotation\":[0,0,77.162116026001343]},\"Enabled\":true}","CameraJson":"{\"Type\":\"AutodeskCommonCamera\",\"Version\":1,\"UnitsToMetersScaleFactor\":0.30480000000000002,\"WorldUpDirection\":[0,0,1],\"WorldFrontDirection\":[0,1,2.2204460492503126e-16],\"WorldRightDirection\":[1,0,0],\"Position\":[504784.63169161748,703733.29221121699,273.91796208358738],\"ViewDirection\":[0.73019608997374619,0.51247551551160864,-0.45186559526939402],\"UpDirection\":[0.3698639817490843,0.25958264809666481,0.89208602937824122],\"Projection\":\"Orthographic\",\"VerticalExtent\":1270.5827522062064,\"HorizontalExtent\":1918.6559558872402,\"TargetDistance\":840.28936892389527,\"NearDistance\":0,\"NearDistanceType\":\"Auto\",\"FarDistance\":0,\"FarDistanceType\":\"Auto\",\"UpOffset\":0,\"RightOffset\":0,\"ImageFit\":\"Vertical\",\"HorizontalScale\":1,\"ApertureDiameter\":0,\"ShutterSpeed\":0}"},{"Name":"geo-3545","ClippingPlanesJson":"{\"Type\":\"ClipPlaneSet\",\"Version\":1,\"OrientedBox\":{\"Type\":\"OrientedBox3D\",\"Version\":1,\"Box\":[[505290.95779886318,703725.39084947063,-188.7603399294],[505305.96851999121,704602.12357328366,105.1936260098]],\"Rotation\":[0,0,77.162116026001343]},\"Enabled\":true}","CameraJson":"{\"Type\":\"AutodeskCommonCamera\",\"Version\":1,\"UnitsToMetersScaleFactor\":0.30480000000000002,\"WorldUpDirection\":[0,0,1],\"WorldFrontDirection\":[0,1,2.2204460492503126e-16],\"WorldRightDirection\":[1,0,0],\"Position\":[504215.06935419701,703137.24536513269,715.45616959671361],\"ViewDirection\":[0.67615890102130538,0.59373519116504825,-0.43621974203589631],\"UpDirection\":[0.32778472245815088,0.28782779411463549,0.89984017284078621],\"Projection\":\"Orthographic\",\"VerticalExtent\":1162.0015359780928,\"HorizontalExtent\":1754.6918245846457,\"TargetDistance\":1803.6069021230392,\"NearDistance\":0,\"NearDistanceType\":\"Auto\",\"FarDistance\":0,\"FarDistanceType\":\"Auto\",\"UpOffset\":0,\"RightOffset\":0,\"ImageFit\":\"Vertical\",\"HorizontalScale\":1,\"ApertureDiameter\":0,\"ShutterSpeed\":0}"},{"Name":"geo-3566","ClippingPlanesJson":"{\"Type\":\"ClipPlaneSet\",\"Version\":1,\"OrientedBox\":{\"Type\":\"OrientedBox3D\",\"Version\":1,\"Box\":[[505360.00817803369,704062.4012666794,-188.7603399294],[505375.01889916172,704939.13399049232,105.1936260098]],\"Rotation\":[0,0,90.692730281784435]},\"Enabled\":true}","CameraJson":"{\"Type\":\"AutodeskCommonCamera\",\"Version\":1,\"UnitsToMetersScaleFactor\":0.30480000000000002,\"WorldUpDirection\":[0,0,1],\"WorldFrontDirection\":[0,1,2.2204460492503126e-16],\"WorldRightDirection\":[1,0,0],\"Position\":[503497.71703486989,701403.69027607725,2088.5100009118005],\"ViewDirection\":[0.45124980721137109,0.73228528759425759,-0.51003124322407534],\"UpDirection\":[0.26756952629023989,0.43421010774222252,0.86015587595232068],\"Projection\":\"Orthographic\",\"VerticalExtent\":1233.3060760573251,\"HorizontalExtent\":1862.3659451936876,\"TargetDistance\":787199.68398078426,\"NearDistance\":0,\"NearDistanceType\":\"Auto\",\"FarDistance\":0,\"FarDistanceType\":\"Auto\",\"UpOffset\":0,\"RightOffset\":0,\"ImageFit\":\"Vertical\",\"HorizontalScale\":1,\"ApertureDiameter\":0,\"ShutterSpeed\":0}"},{"Name":"geo-3516","ClippingPlanesJson":"{\"Type\":\"ClipPlaneSet\",\"Version\":1,\"OrientedBox\":{\"Type\":\"OrientedBox3D\",\"Version\":1,\"Box\":[[505246.85399039218,703180.30951836181,-188.7603399294],[505263.74192955857,704057.04224217474,105.1936260098]],\"Rotation\":[0,0,49.875447607578323]},\"Enabled\":true}","CameraJson":"{\"Type\":\"AutodeskCommonCamera\",\"Version\":1,\"UnitsToMetersScaleFactor\":0.30480000000000002,\"WorldUpDirection\":[0,0,1],\"WorldFrontDirection\":[0,1,2.2204460492503126e-16],\"WorldRightDirection\":[1,0,0],\"Position\":[505112.02571182628,703488.32221420133,124.79398025260419],\"ViewDirection\":[0.60302285484324847,0.40630109562581418,-0.68650044153661072],\"UpDirection\":[0.56932846364705203,0.38359869226999299,0.72712938585236575],\"Projection\":\"Orthographic\",\"VerticalExtent\":1213.8328966057495,\"HorizontalExtent\":1832.960279431303,\"TargetDistance\":172.31056619230446,\"NearDistance\":0,\"NearDistanceType\":\"Auto\",\"FarDistance\":0,\"FarDistanceType\":\"Auto\",\"UpOffset\":0,\"RightOffset\":0,\"ImageFit\":\"Vertical\",\"HorizontalScale\":1,\"ApertureDiameter\":0,\"ShutterSpeed\":0}"},{"Name":"geo-3682","ClippingPlanesJson":"{\"Type\":\"ClipPlaneSet\",\"Version\":1,\"OrientedBox\":{\"Type\":\"OrientedBox3D\",\"Version\":1,\"Box\":[[504901.71242080157,706395.75127520657,-119.0246361701],[505690.38054889959,706412.15547468152,128.81696009949999]],\"Rotation\":[0,0,1.1320177053528211]},\"Enabled\":true}","CameraJson":"{\"Type\":\"AutodeskCommonCamera\",\"Version\":1,\"UnitsToMetersScaleFactor\":0.30480000000000002,\"WorldUpDirection\":[0,0,1],\"WorldFrontDirection\":[0,1,2.2204460492503126e-16],\"WorldRightDirection\":[1,0,0],\"Position\":[502730.73102221324,702708.64400396519,2436.1449555212089],\"ViewDirection\":[0.50840553759936569,0.71872642870599712,-0.47429540374941792],\"UpDirection\":[0.27390253104441525,0.38721251723735184,0.88036575920589777],\"Projection\":\"Orthographic\",\"VerticalExtent\":974.72137723642174,\"HorizontalExtent\":1471.8875827001323,\"TargetDistance\":4111.4037714707601,\"NearDistance\":0,\"NearDistanceType\":\"Auto\",\"FarDistance\":0,\"FarDistanceType\":\"Auto\",\"UpOffset\":0,\"RightOffset\":0,\"ImageFit\":\"Vertical\",\"HorizontalScale\":1,\"ApertureDiameter\":0,\"ShutterSpeed\":0}"},{"Name":"geo-3684","ClippingPlanesJson":"{\"Type\":\"ClipPlaneSet\",\"Version\":1,\"OrientedBox\":{\"Type\":\"OrientedBox3D\",\"Version\":1,\"Box\":[[504901.07754306588,706427.88626837148,-119.0246361701],[505689.74567116413,706444.29046784644,128.81696009949999]],\"Rotation\":[0,0,1.0325863541946725]},\"Enabled\":true}","CameraJson":"{\"Type\":\"AutodeskCommonCamera\",\"Version\":1,\"UnitsToMetersScaleFactor\":0.30480000000000002,\"WorldUpDirection\":[0,0,1],\"WorldFrontDirection\":[0,1,2.2204460492503126e-16],\"WorldRightDirection\":[1,0,0],\"Position\":[502689.49550171359,702928.14062389452,2242.736185228589],\"ViewDirection\":[0.53450311360221281,0.70936635710195306,-0.45946250441297659],\"UpDirection\":[0.27649732330297599,0.36695370711812419,0.88819716675891036],\"Projection\":\"Orthographic\",\"VerticalExtent\":839.01800579539781,\"HorizontalExtent\":1266.9673747111581,\"TargetDistance\":13576.405119379833,\"NearDistance\":0,\"NearDistanceType\":\"Auto\",\"FarDistance\":0,\"FarDistanceType\":\"Auto\",\"UpOffset\":0,\"RightOffset\":0,\"ImageFit\":\"Vertical\",\"HorizontalScale\":1,\"ApertureDiameter\":0,\"ShutterSpeed\":0}"},{"Name":"geo-3928","ClippingPlanesJson":"{\"Type\":\"ClipPlaneSet\",\"Version\":1,\"OrientedBox\":{\"Type\":\"OrientedBox3D\",\"Version\":1,\"Box\":[[504836.85483011598,703869.62403067469,-212.9723854623],[505758.40658584912,703891.42005780875,129.40567154269999]],\"Rotation\":[0,0,-2.6225691011752237]},\"Enabled\":true}","CameraJson":"{\"Type\":\"AutodeskCommonCamera\",\"Version\":1,\"UnitsToMetersScaleFactor\":0.30480000000000002,\"WorldUpDirection\":[0,0,1],\"WorldFrontDirection\":[0,1,2.2204460492503126e-16],\"WorldRightDirection\":[1,0,0],\"Position\":[503922.8011954308,702298.39129707566,1141.9217977403064],\"ViewDirection\":[0.58172824383438315,0.64859670918544354,-0.49083047904462662],\"UpDirection\":[0.32772256273786698,0.36539359741476402,0.87125509515917454],\"Projection\":\"Orthographic\",\"VerticalExtent\":1127.2420969082937,\"HorizontalExtent\":1702.2029924493374,\"TargetDistance\":1826040.5283278397,\"NearDistance\":0,\"NearDistanceType\":\"Auto\",\"FarDistance\":0,\"FarDistanceType\":\"Auto\",\"UpOffset\":0,\"RightOffset\":0,\"ImageFit\":\"Vertical\",\"HorizontalScale\":1,\"ApertureDiameter\":0,\"ShutterSpeed\":0}"},{"Name":"geo-3945","ClippingPlanesJson":"{\"Type\":\"ClipPlaneSet\",\"Version\":1,\"OrientedBox\":{\"Type\":\"OrientedBox3D\",\"Version\":1,\"Box\":[[504814.68643456319,703591.92757488077,-127.38076226699999],[505724.76638212567,703608.33177435573,94.336323432200004]],\"Rotation\":[0,0,-2.5471205505705963]},\"Enabled\":true}","CameraJson":"{\"Type\":\"AutodeskCommonCamera\",\"Version\":1,\"UnitsToMetersScaleFactor\":0.30480000000000002,\"WorldUpDirection\":[0,0,1],\"WorldFrontDirection\":[0,1,2.2204460492503126e-16],\"WorldRightDirection\":[1,0,0],\"Position\":[503754.16178073239,701590.21261724783,1260.1433908312006],\"ViewDirection\":[0.54138272521042952,0.70445660880864192,-0.45896147022332562],\"UpDirection\":[0.27966918284709219,0.36391040011958481,0.888456171597926],\"Projection\":\"Orthographic\",\"VerticalExtent\":1164.5286168776495,\"HorizontalExtent\":1758.5078679006158,\"TargetDistance\":3885.1817485765469,\"NearDistance\":0,\"NearDistanceType\":\"Auto\",\"FarDistance\":0,\"FarDistanceType\":\"Auto\",\"UpOffset\":0,\"RightOffset\":0,\"ImageFit\":\"Vertical\",\"HorizontalScale\":1,\"ApertureDiameter\":0,\"ShutterSpeed\":0}"},{"Name":"geo-3952","ClippingPlanesJson":"{\"Type\":\"ClipPlaneSet\",\"Version\":1,\"OrientedBox\":{\"Type\":\"OrientedBox3D\",\"Version\":1,\"Box\":[[504924.69278681697,703477.21202052454,-137.2281031123],[505728.02308339399,703493.6162199995,77.707829074499998]],\"Rotation\":[0,0,-0.79387881802493065]},\"Enabled\":true}","CameraJson":"{\"Type\":\"AutodeskCommonCamera\",\"Version\":1,\"UnitsToMetersScaleFactor\":0.30480000000000002,\"WorldUpDirection\":[0,0,1],\"WorldFrontDirection\":[0,1,2.2204460492503126e-16],\"WorldRightDirection\":[1,0,0],\"Position\":[503896.04440435168,701378.51981646544,1685.6651032309944],\"ViewDirection\":[0.46189686989416717,0.6912101578280363,-0.55576955592881516],\"UpDirection\":[0.30878982328206234,0.46209159734271854,0.83133639442928753],\"Projection\":\"Orthographic\",\"VerticalExtent\":1065.0105545290753,\"HorizontalExtent\":1608.2296410697347,\"TargetDistance\":2746.3791096000209,\"NearDistance\":0,\"NearDistanceType\":\"Auto\",\"FarDistance\":0,\"FarDistanceType\":\"Auto\",\"UpOffset\":0,\"RightOffset\":0,\"ImageFit\":\"Vertical\",\"HorizontalScale\":1,\"ApertureDiameter\":0,\"ShutterSpeed\":0}"},{"Name":"geo-3955","ClippingPlanesJson":"{\"Type\":\"ClipPlaneSet\",\"Version\":1,\"OrientedBox\":{\"Type\":\"OrientedBox3D\",\"Version\":1,\"Box\":[[504837.82354265917,703430.58946159016,-212.9723854623],[505759.37529839209,703452.38548872422,129.40567154269999]],\"Rotation\":[0,0,0.14082007826792309]},\"Enabled\":true}","CameraJson":"{\"Type\":\"AutodeskCommonCamera\",\"Version\":1,\"UnitsToMetersScaleFactor\":0.30480000000000002,\"WorldUpDirection\":[0,0,1],\"WorldFrontDirection\":[0,1,2.2204460492503126e-16],\"WorldRightDirection\":[1,0,0],\"Position\":[504079.70361770265,701954.35749962879,1187.1796384077088],\"ViewDirection\":[0.54523731282023169,0.6455884565590333,-0.53472592743039693],\"UpDirection\":[0.34502214437918854,0.40852360685067451,0.84502555140877367],\"Projection\":\"Orthographic\",\"VerticalExtent\":1269.8298654653054,\"HorizontalExtent\":1917.5190518744714,\"TargetDistance\":2056589.6048336846,\"NearDistance\":0,\"NearDistanceType\":\"Auto\",\"FarDistance\":0,\"FarDistanceType\":\"Auto\",\"UpOffset\":0,\"RightOffset\":0,\"ImageFit\":\"Vertical\",\"HorizontalScale\":1,\"ApertureDiameter\":0,\"ShutterSpeed\":0}"},{"Name":"geo-3961","ClippingPlanesJson":"{\"Type\":\"ClipPlaneSet\",\"Version\":1,\"OrientedBox\":{\"Type\":\"OrientedBox3D\",\"Version\":1,\"Box\":[[504797.47503510822,703336.44526752853,-212.9723854623],[505812.93762929551,703358.24129466258,129.40567154269999]],\"Rotation\":[0,0,4.1226393062766853]},\"Enabled\":true}","CameraJson":"{\"Type\":\"AutodeskCommonCamera\",\"Version\":1,\"UnitsToMetersScaleFactor\":0.30480000000000002,\"WorldUpDirection\":[0,0,1],\"WorldFrontDirection\":[0,1,2.2204460492503126e-16],\"WorldRightDirection\":[1,0,0],\"Position\":[503880.92595922312,701577.1886017347,1028.5916217082302],\"ViewDirection\":[0.56898430888501594,0.70087898076745825,-0.43014591775467304],\"UpDirection\":[0.27110909556077523,0.33395414185966976,0.90275937515984306],\"Projection\":\"Orthographic\",\"VerticalExtent\":1209.1673571191839,\"HorizontalExtent\":1825.9150357367992,\"TargetDistance\":1621404.6052670747,\"NearDistance\":0,\"NearDistanceType\":\"Auto\",\"FarDistance\":0,\"FarDistanceType\":\"Auto\",\"UpOffset\":0,\"RightOffset\":0,\"ImageFit\":\"Vertical\",\"HorizontalScale\":1,\"ApertureDiameter\":0,\"ShutterSpeed\":0}"},{"Name":"geo-3973","ClippingPlanesJson":"{\"Type\":\"ClipPlaneSet\",\"Version\":1,\"OrientedBox\":{\"Type\":\"OrientedBox3D\",\"Version\":1,\"Box\":[[504883.10554206249,703154.14982590068,-212.9723854623],[505804.65729779552,703175.94585303485,129.40567154269999]],\"Rotation\":[0,0,12.127193017284005]},\"Enabled\":true}","CameraJson":"{\"Type\":\"AutodeskCommonCamera\",\"Version\":1,\"UnitsToMetersScaleFactor\":0.30480000000000002,\"WorldUpDirection\":[0,0,1],\"WorldFrontDirection\":[0,1,2.2204460492503126e-16],\"WorldRightDirection\":[1,0,0],\"Position\":[503846.6470693422,699725.70808301447,1880.1158572293996],\"ViewDirection\":[0.36274459119859032,0.81255101887547021,-0.45626440062819151],\"UpDirection\":[0.18599596814256822,0.41663257567707257,0.8898442541924948],\"Projection\":\"Orthographic\",\"VerticalExtent\":1531.8301324962772,\"HorizontalExtent\":2313.1551266678421,\"TargetDistance\":2028457.9342947206,\"NearDistance\":0,\"NearDistanceType\":\"Auto\",\"FarDistance\":0,\"FarDistanceType\":\"Auto\",\"UpOffset\":0,\"RightOffset\":0,\"ImageFit\":\"Vertical\",\"HorizontalScale\":1,\"ApertureDiameter\":0,\"ShutterSpeed\":0}"},{"Name":"geo-3976","ClippingPlanesJson":"{\"Type\":\"ClipPlaneSet\",\"Version\":1,\"OrientedBox\":{\"Type\":\"OrientedBox3D\",\"Version\":1,\"Box\":[[504892.80933373817,703108.99026368547,-212.9723854623],[505814.36108947109,703130.78629081952,129.40567154269999]],\"Rotation\":[0,0,13.019747791111865]},\"Enabled\":true}","CameraJson":"{\"Type\":\"AutodeskCommonCamera\",\"Version\":1,\"UnitsToMetersScaleFactor\":0.30480000000000002,\"WorldUpDirection\":[0,0,1],\"WorldFrontDirection\":[0,1,2.2204460492503126e-16],\"WorldRightDirection\":[1,0,0],\"Position\":[503848.86644969607,699712.6538279024,1859.736759217355],\"ViewDirection\":[0.36274459119859032,0.81255101887547021,-0.45626440062819151],\"UpDirection\":[0.18599596814256822,0.41663257567707257,0.8898442541924948],\"Projection\":\"Orthographic\",\"VerticalExtent\":1281.2034553001467,\"HorizontalExtent\":1934.6938528376875,\"TargetDistance\":1697281.4941635577,\"NearDistance\":0,\"NearDistanceType\":\"Auto\",\"FarDistance\":0,\"FarDistanceType\":\"Auto\",\"UpOffset\":0,\"RightOffset\":0,\"ImageFit\":\"Vertical\",\"HorizontalScale\":1,\"ApertureDiameter\":0,\"ShutterSpeed\":0}"},{"Name":"geo-3982","ClippingPlanesJson":"{\"Type\":\"ClipPlaneSet\",\"Version\":1,\"OrientedBox\":{\"Type\":\"OrientedBox3D\",\"Version\":1,\"Box\":[[504835.16590817377,703017.98527666251,-212.9723854623],[505908.52818974497,703039.78130379668,129.40567154269999]],\"Rotation\":[0,0,16.716062522553347]},\"Enabled\":true}","CameraJson":"{\"Type\":\"AutodeskCommonCamera\",\"Version\":1,\"UnitsToMetersScaleFactor\":0.30480000000000002,\"WorldUpDirection\":[0,0,1],\"WorldFrontDirection\":[0,1,2.2204460492503126e-16],\"WorldRightDirection\":[1,0,0],\"Position\":[504022.43856155279,699206.9899585899,2094.6369299992907],\"ViewDirection\":[0.29214731476654543,0.8303782121920309,-0.47447020053051103],\"UpDirection\":[0.15746867273384876,0.4475774662546177,0.88027156537544515],\"Projection\":\"Orthographic\",\"VerticalExtent\":1379.6049337616259,\"HorizontalExtent\":2083.2859712104596,\"TargetDistance\":11697.061247513995,\"NearDistance\":0,\"NearDistanceType\":\"Auto\",\"FarDistance\":0,\"FarDistanceType\":\"Auto\",\"UpOffset\":0,\"RightOffset\":0,\"ImageFit\":\"Vertical\",\"HorizontalScale\":1,\"ApertureDiameter\":0,\"ShutterSpeed\":0}"},{"Name":"geo-3983","ClippingPlanesJson":"{\"Type\":\"ClipPlaneSet\",\"Version\":1,\"OrientedBox\":{\"Type\":\"OrientedBox3D\",\"Version\":1,\"Box\":[[504839.62393137289,703003.72947072622,-212.9723854623],[505912.98621294409,703025.52549786051,129.40567154269999]],\"Rotation\":[0,0,17.365315577580716]},\"Enabled\":true}","CameraJson":"{\"Type\":\"AutodeskCommonCamera\",\"Version\":1,\"UnitsToMetersScaleFactor\":0.30480000000000002,\"WorldUpDirection\":[0,0,1],\"WorldFrontDirection\":[0,1,2.2204460492503126e-16],\"WorldRightDirection\":[1,0,0],\"Position\":[504035.89151015406,699211.22502964153,2110.0716049154412],\"ViewDirection\":[0.29214731476654543,0.8303782121920309,-0.47447020053051103],\"UpDirection\":[0.15746867273384876,0.4475774662546177,0.88027156537544515],\"Projection\":\"Orthographic\",\"VerticalExtent\":1466.7341032671025,\"HorizontalExtent\":2214.8562288051894,\"TargetDistance\":12256.151822109261,\"NearDistance\":0,\"NearDistanceType\":\"Auto\",\"FarDistance\":0,\"FarDistanceType\":\"Auto\",\"UpOffset\":0,\"RightOffset\":0,\"ImageFit\":\"Vertical\",\"HorizontalScale\":1,\"ApertureDiameter\":0,\"ShutterSpeed\":0}"},{"Name":"geo-3999","ClippingPlanesJson":"{\"Type\":\"ClipPlaneSet\",\"Version\":1,\"OrientedBox\":{\"Type\":\"OrientedBox3D\",\"Version\":1,\"Box\":[[505022.40779477218,702796.34266639198,-188.7603399294],[506003.28000516188,702818.13869352627,105.1936260098]],\"Rotation\":[0,0,26.935551277842567]},\"Enabled\":true}","CameraJson":"{\"Type\":\"AutodeskCommonCamera\",\"Version\":1,\"UnitsToMetersScaleFactor\":0.30480000000000002,\"WorldUpDirection\":[0,0,1],\"WorldFrontDirection\":[0,1,2.2204460492503126e-16],\"WorldRightDirection\":[1,0,0],\"Position\":[504998.74497661379,697796.52956649789,2624.2812658492962],\"ViewDirection\":[0.091574254682632417,0.87788410486800272,-0.47003580108266857],\"UpDirection\":[0.048765997089721166,0.46749923190019393,0.88264735070161182],\"Projection\":\"Orthographic\",\"VerticalExtent\":1308.2104731490322,\"HorizontalExtent\":1975.4760652174346,\"TargetDistance\":4894.4381916979264,\"NearDistance\":0,\"NearDistanceType\":\"Auto\",\"FarDistance\":0,\"FarDistanceType\":\"Auto\",\"UpOffset\":0,\"RightOffset\":0,\"ImageFit\":\"Vertical\",\"HorizontalScale\":1,\"ApertureDiameter\":0,\"ShutterSpeed\":0}"},{"Name":"geo-3440","ClippingPlanesJson":"{\"Type\":\"ClipPlaneSet\",\"Version\":1,\"OrientedBox\":{\"Type\":\"OrientedBox3D\",\"Version\":1,\"Box\":[[503814.09192098718,703447.67185579357,-136.28677916039999],[504142.17591048859,703464.07605526852,113.32090268250001]],\"Rotation\":[0,0,72.76624117808143]},\"Enabled\":true}","CameraJson":"{\"Type\":\"AutodeskCommonCamera\",\"Version\":1,\"UnitsToMetersScaleFactor\":0.30480000000000002,\"WorldUpDirection\":[0,0,1],\"WorldFrontDirection\":[0,1,2.2204460492503126e-16],\"WorldRightDirection\":[1,0,0],\"Position\":[508681.42129391676,698103.97447028663,4925.55175231059],\"ViewDirection\":[-0.54320395754547812,0.61895846044246006,-0.5672917104573536],\"UpDirection\":[-0.37419401501278182,0.42637861564839746,0.82351691861574405],\"Projection\":\"Orthographic\",\"VerticalExtent\":467.74563892579999,\"HorizontalExtent\":706.32389303803507,\"TargetDistance\":9013.1929258778855,\"NearDistance\":0,\"NearDistanceType\":\"Auto\",\"FarDistance\":0,\"FarDistanceType\":\"Auto\",\"UpOffset\":0,\"RightOffset\":0,\"ImageFit\":\"Vertical\",\"HorizontalScale\":1,\"ApertureDiameter\":0,\"ShutterSpeed\":0}"},{"Name":"geo-3415","ClippingPlanesJson":"{\"Type\":\"ClipPlaneSet\",\"Version\":1,\"OrientedBox\":{\"Type\":\"OrientedBox3D\",\"Version\":1,\"Box\":[[503431.72842981172,703588.89459265664,-136.28677916039999],[503759.81241931301,703605.29879213159,113.32090268250001]],\"Rotation\":[0,0,69.694952419169368]},\"Enabled\":true}","CameraJson":"{\"Type\":\"AutodeskCommonCamera\",\"Version\":1,\"UnitsToMetersScaleFactor\":0.30480000000000002,\"WorldUpDirection\":[0,0,1],\"WorldFrontDirection\":[0,1,2.2204460492503126e-16],\"WorldRightDirection\":[1,0,0],\"Position\":[508745.87667001737,698448.93121796486,5112.3402126894171],\"ViewDirection\":[-0.57735026917640431,0.57735026920272348,-0.57735026918974963],\"UpDirection\":[-0.40824829048209632,0.40824829044580485,0.81649658092763855],\"Projection\":\"Orthographic\",\"VerticalExtent\":216.70718182494184,\"HorizontalExtent\":327.24080692107856,\"TargetDistance\":8650.9051553081863,\"NearDistance\":0,\"NearDistanceType\":\"Auto\",\"FarDistance\":0,\"FarDistanceType\":\"Auto\",\"UpOffset\":0,\"RightOffset\":0,\"ImageFit\":\"Vertical\",\"HorizontalScale\":1,\"ApertureDiameter\":0,\"ShutterSpeed\":0}"},{"Name":"geo-3365","ClippingPlanesJson":"{\"Type\":\"ClipPlaneSet\",\"Version\":1,\"OrientedBox\":{\"Type\":\"OrientedBox3D\",\"Version\":1,\"Box\":[[502494.6581671859,703747.74692572432,-136.28677916039999],[503069.85877172393,703766.72146942338,113.32090268250001]],\"Rotation\":[0,0,71.528289350065435]},\"Enabled\":true}","CameraJson":"{\"Type\":\"AutodeskCommonCamera\",\"Version\":1,\"UnitsToMetersScaleFactor\":0.30480000000000002,\"WorldUpDirection\":[0,0,1],\"WorldFrontDirection\":[0,1,2.2204460492503126e-16],\"WorldRightDirection\":[1,0,0],\"Position\":[509312.58170347393,696447.24369508587,4104.0170631641822],\"ViewDirection\":[-0.61027251102567193,0.69165326347041312,-0.38624244383178374],\"UpDirection\":[-0.25554405538047131,0.28962123744099155,0.92239729757998079],\"Projection\":\"Orthographic\",\"VerticalExtent\":400.78177827470324,\"HorizontalExtent\":605.20445800372534,\"TargetDistance\":7866.3211496188442,\"NearDistance\":0,\"NearDistanceType\":\"Auto\",\"FarDistance\":0,\"FarDistanceType\":\"Auto\",\"UpOffset\":0,\"RightOffset\":0,\"ImageFit\":\"Vertical\",\"HorizontalScale\":1,\"ApertureDiameter\":0,\"ShutterSpeed\":0}"},{"Name":"geo-3315","ClippingPlanesJson":"{\"Type\":\"ClipPlaneSet\",\"Version\":1,\"OrientedBox\":{\"Type\":\"OrientedBox3D\",\"Version\":1,\"Box\":[[501689.27350426902,704165.93199593585,-191.4519735451],[502417.33746231912,704182.33619541081,76.622582819000002]],\"Rotation\":[0,0,75.898836726405449]},\"Enabled\":true}","CameraJson":"{\"Type\":\"AutodeskCommonCamera\",\"Version\":1,\"UnitsToMetersScaleFactor\":0.30480000000000002,\"WorldUpDirection\":[0,0,1],\"WorldFrontDirection\":[0,1,2.2204460492503126e-16],\"WorldRightDirection\":[1,0,0],\"Position\":[507135.42814006313,695982.037199885,4666.3469647759784],\"ViewDirection\":[-0.47388646471943147,0.76403388584348275,-0.43781713059064664],\"UpDirection\":[-0.23076844526161255,0.37206150635367463,0.89906404675160534],\"Projection\":\"Orthographic\",\"VerticalExtent\":433.96868216087699,\"HorizontalExtent\":655.31866795038354,\"TargetDistance\":10700.766559502554,\"NearDistance\":0,\"NearDistanceType\":\"Auto\",\"FarDistance\":0,\"FarDistanceType\":\"Auto\",\"UpOffset\":0,\"RightOffset\":0,\"ImageFit\":\"Vertical\",\"HorizontalScale\":1,\"ApertureDiameter\":0,\"ShutterSpeed\":0}"},{"Name":"geo-3274","ClippingPlanesJson":"{\"Type\":\"ClipPlaneSet\",\"Version\":1,\"OrientedBox\":{\"Type\":\"OrientedBox3D\",\"Version\":1,\"Box\":[[501189.7909895964,704261.4543500453,-180.75414346950001],[501577.25577353011,704277.85854952026,65.924752743400006]],\"Rotation\":[0,0,74.049750813867576]},\"Enabled\":true}","CameraJson":"{\"Type\":\"AutodeskCommonCamera\",\"Version\":1,\"UnitsToMetersScaleFactor\":0.30480000000000002,\"WorldUpDirection\":[0,0,1],\"WorldFrontDirection\":[0,1,2.2204460492503126e-16],\"WorldRightDirection\":[1,0,0],\"Position\":[508115.9925241897,697256.02797861805,5534.9323624416047],\"ViewDirection\":[-0.60074169647143272,0.62485567879313531,-0.49866300725098434],\"UpDirection\":[-0.34560344190206105,0.35947608508222628,0.86679594207599109],\"Projection\":\"Orthographic\",\"VerticalExtent\":387.08730915311543,\"HorizontalExtent\":584.52499049385619,\"TargetDistance\":11076.063497520463,\"NearDistance\":0,\"NearDistanceType\":\"Auto\",\"FarDistance\":0,\"FarDistanceType\":\"Auto\",\"UpOffset\":0,\"RightOffset\":0,\"ImageFit\":\"Vertical\",\"HorizontalScale\":1,\"ApertureDiameter\":0,\"ShutterSpeed\":0}"},{"Name":"geo-3265","ClippingPlanesJson":"{\"Type\":\"ClipPlaneSet\",\"Version\":1,\"OrientedBox\":{\"Type\":\"OrientedBox3D\",\"Version\":1,\"Box\":[[501047.86622053781,704302.01728760987,-180.75414346950001],[501435.33100447152,704318.42148708482,65.924752743400006]],\"Rotation\":[0,0,74.049750813867576]},\"Enabled\":true}","CameraJson":"{\"Type\":\"AutodeskCommonCamera\",\"Version\":1,\"UnitsToMetersScaleFactor\":0.30480000000000002,\"WorldUpDirection\":[0,0,1],\"WorldFrontDirection\":[0,1,2.2204460492503126e-16],\"WorldRightDirection\":[1,0,0],\"Position\":[508040.92883942556,697233.75443931099,5597.4461746867182],\"ViewDirection\":[-0.60074169647143272,0.62485567879313531,-0.49866300725098434],\"UpDirection\":[-0.34560344190206105,0.35947608508222628,0.86679594207599109],\"Projection\":\"Orthographic\",\"VerticalExtent\":314.25655225902898,\"HorizontalExtent\":474.54619120354727,\"TargetDistance\":11096.953184969583,\"NearDistance\":0,\"NearDistanceType\":\"Auto\",\"FarDistance\":0,\"FarDistanceType\":\"Auto\",\"UpOffset\":0,\"RightOffset\":0,\"ImageFit\":\"Vertical\",\"HorizontalScale\":1,\"ApertureDiameter\":0,\"ShutterSpeed\":0}"},{"Name":"geo-3260","ClippingPlanesJson":"{\"Type\":\"ClipPlaneSet\",\"Version\":1,\"OrientedBox\":{\"Type\":\"OrientedBox3D\",\"Version\":1,\"Box\":[[500968.48408771539,704324.70517020265,-180.75414346950001],[501355.94887164922,704341.10936967761,65.924752743400006]],\"Rotation\":[0,0,74.049750813867576]},\"Enabled\":true}","CameraJson":"{\"Type\":\"AutodeskCommonCamera\",\"Version\":1,\"UnitsToMetersScaleFactor\":0.30480000000000002,\"WorldUpDirection\":[0,0,1],\"WorldFrontDirection\":[0,1,2.2204460492503126e-16],\"WorldRightDirection\":[1,0,0],\"Position\":[508009.29275773256,697223.30809713819,5622.4683980624905],\"ViewDirection\":[-0.60074169647143272,0.62485567879313531,-0.49866300725098434],\"UpDirection\":[-0.34560344190206105,0.35947608508222628,0.86679594207599109],\"Projection\":\"Orthographic\",\"VerticalExtent\":314.25655225902898,\"HorizontalExtent\":474.54619120354727,\"TargetDistance\":11096.95318496592,\"NearDistance\":0,\"NearDistanceType\":\"Auto\",\"FarDistance\":0,\"FarDistanceType\":\"Auto\",\"UpOffset\":0,\"RightOffset\":0,\"ImageFit\":\"Vertical\",\"HorizontalScale\":1,\"ApertureDiameter\":0,\"ShutterSpeed\":0}"},{"Name":"geo-3240","ClippingPlanesJson":"{\"Type\":\"ClipPlaneSet\",\"Version\":1,\"OrientedBox\":{\"Type\":\"OrientedBox3D\",\"Version\":1,\"Box\":[[500641.73184296192,704417.31743793818,-180.75414346950001],[501057.00631604937,704433.72163741314,65.924752743400006]],\"Rotation\":[0,0,83.324585023536784]},\"Enabled\":true}","CameraJson":"{\"Type\":\"AutodeskCommonCamera\",\"Version\":1,\"UnitsToMetersScaleFactor\":0.30480000000000002,\"WorldUpDirection\":[0,0,1],\"WorldFrontDirection\":[0,1,2.2204460492503126e-16],\"WorldRightDirection\":[1,0,0],\"Position\":[508353.44878239959,699012.81913642411,6211.7383099594153],\"ViewDirection\":[-0.67228524483455776,0.48344082402623167,-0.56064027615091738],\"UpDirection\":[-0.45517284735546254,0.32731513602780093,0.82805946692095922],\"Projection\":\"Orthographic\",\"VerticalExtent\":359.31779155485901,\"HorizontalExtent\":542.59135788354729,\"TargetDistance\":10770.169633335196,\"NearDistance\":0,\"NearDistanceType\":\"Auto\",\"FarDistance\":0,\"FarDistanceType\":\"Auto\",\"UpOffset\":0,\"RightOffset\":0,\"ImageFit\":\"Vertical\",\"HorizontalScale\":1,\"ApertureDiameter\":0,\"ShutterSpeed\":0}"},{"Name":"geo-3193","ClippingPlanesJson":"{\"Type\":\"ClipPlaneSet\",\"Version\":1,\"OrientedBox\":{\"Type\":\"OrientedBox3D\",\"Version\":1,\"Box\":[[500065.66788487259,703676.79819796898,-212.6843965443],[500082.07208434772,704989.13415597414,76.529544630800004]],\"Rotation\":[0,0,1.9813091027981966]},\"Enabled\":true}","CameraJson":"{\"Type\":\"AutodeskCommonCamera\",\"Version\":1,\"UnitsToMetersScaleFactor\":0.30480000000000002,\"WorldUpDirection\":[0,0,1],\"WorldFrontDirection\":[0,1,2.2204460492503126e-16],\"WorldRightDirection\":[1,0,0],\"Position\":[510045.89869581861,698817.2442499866,5245.8659233806384],\"ViewDirection\":[-0.79849977705062991,0.42691309672665834,-0.42443293214988553],\"UpDirection\":[-0.37429575506802443,0.20011497103267106,0.9054593784961591],\"Projection\":\"Orthographic\",\"VerticalExtent\":572.57193846517725,\"HorizontalExtent\":864.6178755398571,\"TargetDistance\":19246.899061354059,\"NearDistance\":0,\"NearDistanceType\":\"Auto\",\"FarDistance\":0,\"FarDistanceType\":\"Auto\",\"UpOffset\":0,\"RightOffset\":0,\"ImageFit\":\"Vertical\",\"HorizontalScale\":1,\"ApertureDiameter\":0,\"ShutterSpeed\":0}"},{"Name":"geo-3186","ClippingPlanesJson":"{\"Type\":\"ClipPlaneSet\",\"Version\":1,\"OrientedBox\":{\"Type\":\"OrientedBox3D\",\"Version\":1,\"Box\":[[499957.67209173128,703673.00723742496,-212.6843965443],[499974.07629120641,704985.34319543012,76.529544630800004]],\"Rotation\":[0,0,4.6861235252951623]},\"Enabled\":true}","CameraJson":"{\"Type\":\"AutodeskCommonCamera\",\"Version\":1,\"UnitsToMetersScaleFactor\":0.30480000000000002,\"WorldUpDirection\":[0,0,1],\"WorldFrontDirection\":[0,1,2.2204460492503126e-16],\"WorldRightDirection\":[1,0,0],\"Position\":[510049.54396065843,698864.01064283063,5286.0332436887884],\"ViewDirection\":[-0.79849977705062991,0.42691309672665834,-0.42443293214988553],\"UpDirection\":[-0.37429575506802443,0.20011497103267106,0.9054593784961591],\"Projection\":\"Orthographic\",\"VerticalExtent\":464.37028022396169,\"HorizontalExtent\":701.22689950078393,\"TargetDistance\":17931.049329279664,\"NearDistance\":0,\"NearDistanceType\":\"Auto\",\"FarDistance\":0,\"FarDistanceType\":\"Auto\",\"UpOffset\":0,\"RightOffset\":0,\"ImageFit\":\"Vertical\",\"HorizontalScale\":1,\"ApertureDiameter\":0,\"ShutterSpeed\":0}"},{"Name":"geo-4140","ClippingPlanesJson":"{\"Type\":\"ClipPlaneSet\",\"Version\":1,\"OrientedBox\":{\"Type\":\"OrientedBox3D\",\"Version\":1,\"Box\":[[506888.56413473602,701275.2174321597,-145.96335252349999],[507430.40752283193,701291.62163163465,91.794339021699997]],\"Rotation\":[0,0,51.033839232640346]},\"Enabled\":true}","CameraJson":"{\"Type\":\"AutodeskCommonCamera\",\"Version\":1,\"UnitsToMetersScaleFactor\":0.30480000000000002,\"WorldUpDirection\":[0,0,1],\"WorldFrontDirection\":[0,1,2.2204460492503126e-16],\"WorldRightDirection\":[1,0,0],\"Position\":[510510.19135166216,695685.29242095561,1181.1617985715284],\"ViewDirection\":[-0.50858220157275946,0.84208886359551649,-0.17952852155525889],\"UpDirection\":[-0.092812964392365416,0.15367577457920478,0.98375276871182582],\"Projection\":\"Orthographic\",\"VerticalExtent\":347.28650285149598,\"HorizontalExtent\":524.4233922885287,\"TargetDistance\":6631.2522713382123,\"NearDistance\":0,\"NearDistanceType\":\"Auto\",\"FarDistance\":0,\"FarDistanceType\":\"Auto\",\"UpOffset\":0,\"RightOffset\":0,\"ImageFit\":\"Vertical\",\"HorizontalScale\":1,\"ApertureDiameter\":0,\"ShutterSpeed\":0}"},{"Name":"geo-4260","ClippingPlanesJson":"{\"Type\":\"ClipPlaneSet\",\"Version\":1,\"OrientedBox\":{\"Type\":\"OrientedBox3D\",\"Version\":1,\"Box\":[[508295.73294644023,699904.26098379842,-131.07018126529999],[508852.82393969892,699920.66518327338,104.8234605758]],\"Rotation\":[0,0,42.663587276956115]},\"Enabled\":true}","CameraJson":"{\"Type\":\"AutodeskCommonCamera\",\"Version\":1,\"UnitsToMetersScaleFactor\":0.30480000000000002,\"WorldUpDirection\":[0,0,1],\"WorldFrontDirection\":[0,1,2.2204460492503126e-16],\"WorldRightDirection\":[1,0,0],\"Position\":[510838.69622750167,695722.95242393261,484.97277084259156],\"ViewDirection\":[-0.46920944891042948,0.87693895628868446,-0.10402192074982944],\"UpDirection\":[-0.049074295914453031,0.09171844676500196,0.99457500471483606],\"Projection\":\"Orthographic\",\"VerticalExtent\":249.38838049391276,\"HorizontalExtent\":376.59137174094383,\"TargetDistance\":4853.338552926255,\"NearDistance\":0,\"NearDistanceType\":\"Auto\",\"FarDistance\":0,\"FarDistanceType\":\"Auto\",\"UpOffset\":0,\"RightOffset\":0,\"ImageFit\":\"Vertical\",\"HorizontalScale\":1,\"ApertureDiameter\":0,\"ShutterSpeed\":0}"},{"Name":"geo-4295","ClippingPlanesJson":"{\"Type\":\"ClipPlaneSet\",\"Version\":1,\"OrientedBox\":{\"Type\":\"OrientedBox3D\",\"Version\":1,\"Box\":[[508464.30051084107,699500.76030920772,-146.30800175760001],[509491.92645129119,699517.16450868268,93.814561707799996]],\"Rotation\":[0,0,47.220381377693869]},\"Enabled\":true}","CameraJson":"{\"Type\":\"AutodeskCommonCamera\",\"Version\":1,\"UnitsToMetersScaleFactor\":0.30480000000000002,\"WorldUpDirection\":[0,0,1],\"WorldFrontDirection\":[0,1,2.2204460492503126e-16],\"WorldRightDirection\":[1,0,0],\"Position\":[511623.09837091359,696368.9078019429,707.05976079706159],\"ViewDirection\":[-0.63858581341796428,0.74857888273181039,-0.17843154213678489],\"UpDirection\":[-0.11580220730849572,0.13574853226385697,0.98395232850514092],\"Projection\":\"Orthographic\",\"VerticalExtent\":511.14861571505821,\"HorizontalExtent\":771.864984143946,\"TargetDistance\":4255.8031962099158,\"NearDistance\":0,\"NearDistanceType\":\"Auto\",\"FarDistance\":0,\"FarDistanceType\":\"Auto\",\"UpOffset\":0,\"RightOffset\":0,\"ImageFit\":\"Vertical\",\"HorizontalScale\":1,\"ApertureDiameter\":0,\"ShutterSpeed\":0}"},{"Name":"geo-4332","ClippingPlanesJson":"{\"Type\":\"ClipPlaneSet\",\"Version\":1,\"OrientedBox\":{\"Type\":\"OrientedBox3D\",\"Version\":1,\"Box\":[[509044.61099568231,699129.28262747847,-192.5447381063],[509867.8111820065,699145.68682695343,140.0512980565]],\"Rotation\":[0,0,50.850205527760778]},\"Enabled\":true}","CameraJson":"{\"Type\":\"AutodeskCommonCamera\",\"Version\":1,\"UnitsToMetersScaleFactor\":0.30480000000000002,\"WorldUpDirection\":[0,0,1],\"WorldFrontDirection\":[0,1,2.2204460492503126e-16],\"WorldRightDirection\":[1,0,0],\"Position\":[511684.51151624066,696370.40700502018,599.94670408398258],\"ViewDirection\":[-0.62201530739254951,0.76438406484885535,-0.16974674893644726],\"UpDirection\":[-0.10713992100468694,0.13166243238525832,0.98548771744020591],\"Projection\":\"Orthographic\",\"VerticalExtent\":271.26498519413713,\"HorizontalExtent\":409.6263533899504,\"TargetDistance\":3685.2032180960382,\"NearDistance\":0,\"NearDistanceType\":\"Auto\",\"FarDistance\":0,\"FarDistanceType\":\"Auto\",\"UpOffset\":0,\"RightOffset\":0,\"ImageFit\":\"Vertical\",\"HorizontalScale\":1,\"ApertureDiameter\":0,\"ShutterSpeed\":0}"},{"Name":"geo-4356","ClippingPlanesJson":"{\"Type\":\"ClipPlaneSet\",\"Version\":1,\"OrientedBox\":{\"Type\":\"OrientedBox3D\",\"Version\":1,\"Box\":[[509290.84723800671,698813.62921387062,-192.5447381063],[510114.0474243309,698830.03341334558,140.0512980565]],\"Rotation\":[0,0,46.636214766070822]},\"Enabled\":true}","CameraJson":"{\"Type\":\"AutodeskCommonCamera\",\"Version\":1,\"UnitsToMetersScaleFactor\":0.30480000000000002,\"WorldUpDirection\":[0,0,1],\"WorldFrontDirection\":[0,1,2.2204460492503126e-16],\"WorldRightDirection\":[1,0,0],\"Position\":[510984.58011257078,696475.9136950986,1342.969941810245],\"ViewDirection\":[-0.39092679344292258,0.80469441267951092,-0.44681444064713449],\"UpDirection\":[-0.19524539664027635,0.40189846909585625,0.89462665711971068],\"Projection\":\"Orthographic\",\"VerticalExtent\":460.32946163408303,\"HorizontalExtent\":695.12502172803079,\"TargetDistance\":4842.5005730743578,\"NearDistance\":0,\"NearDistanceType\":\"Auto\",\"FarDistance\":0,\"FarDistanceType\":\"Auto\",\"UpOffset\":0,\"RightOffset\":0,\"ImageFit\":\"Vertical\",\"HorizontalScale\":1,\"ApertureDiameter\":0,\"ShutterSpeed\":0}"},{"Name":"geo-4375","ClippingPlanesJson":"{\"Type\":\"ClipPlaneSet\",\"Version\":1,\"OrientedBox\":{\"Type\":\"OrientedBox3D\",\"Version\":1,\"Box\":[[509481.04761460639,698566.35794486315,-192.5447381063],[510304.24780093058,698582.76214433811,140.0512980565]],\"Rotation\":[0,0,42.327786569580496]},\"Enabled\":true}","CameraJson":"{\"Type\":\"AutodeskCommonCamera\",\"Version\":1,\"UnitsToMetersScaleFactor\":0.30480000000000002,\"WorldUpDirection\":[0,0,1],\"WorldFrontDirection\":[0,1,2.2204460492503126e-16],\"WorldRightDirection\":[1,0,0],\"Position\":[511255.66673607018,695950.53167728544,415.72503763719658],\"ViewDirection\":[-0.43164763185580152,0.89111881927830472,-0.13995560668054252],\"UpDirection\":[-0.061011999774303993,0.12595676926969446,0.99015777942643124],\"Projection\":\"Orthographic\",\"VerticalExtent\":300.0332344536132,\"HorizontalExtent\":453.06813054795208,\"TargetDistance\":3488.0802102237899,\"NearDistance\":0,\"NearDistanceType\":\"Auto\",\"FarDistance\":0,\"FarDistanceType\":\"Auto\",\"UpOffset\":0,\"RightOffset\":0,\"ImageFit\":\"Vertical\",\"HorizontalScale\":1,\"ApertureDiameter\":0,\"ShutterSpeed\":0}"},{"Name":"geo-4385","ClippingPlanesJson":"{\"Type\":\"ClipPlaneSet\",\"Version\":1,\"OrientedBox\":{\"Type\":\"OrientedBox3D\",\"Version\":1,\"Box\":[[509587.38280887261,698444.10691489105,-192.5447381063],[510410.5829951968,698460.511114366,140.0512980565]],\"Rotation\":[0,0,40.299618021417935]},\"Enabled\":true}","CameraJson":"{\"Type\":\"AutodeskCommonCamera\",\"Version\":1,\"UnitsToMetersScaleFactor\":0.30480000000000002,\"WorldUpDirection\":[0,0,1],\"WorldFrontDirection\":[0,1,2.2204460492503126e-16],\"WorldRightDirection\":[1,0,0],\"Position\":[511091.72547426791,696120.43754922133,873.51559038605569],\"ViewDirection\":[-0.37971898915208274,0.86861003189962627,-0.31832389442304065],\"UpDirection\":[-0.12750624553725057,0.29167149176710006,0.94798201366869261],\"Projection\":\"Orthographic\",\"VerticalExtent\":453.5265631863063,\"HorizontalExtent\":684.85223815572192,\"TargetDistance\":3318.7005896994301,\"NearDistance\":0,\"NearDistanceType\":\"Auto\",\"FarDistance\":0,\"FarDistanceType\":\"Auto\",\"UpOffset\":0,\"RightOffset\":0,\"ImageFit\":\"Vertical\",\"HorizontalScale\":1,\"ApertureDiameter\":0,\"ShutterSpeed\":0}"},{"Name":"geo-4409","ClippingPlanesJson":"{\"Type\":\"ClipPlaneSet\",\"Version\":1,\"OrientedBox\":{\"Type\":\"OrientedBox3D\",\"Version\":1,\"Box\":[[510313.44144022331,697646.57098614308,-137.13026558479999],[510329.84563969832,698764.01999658532,135.58614495110001]],\"Rotation\":[0,0,124.93031603595553]},\"Enabled\":true}","CameraJson":"{\"Type\":\"AutodeskCommonCamera\",\"Version\":1,\"UnitsToMetersScaleFactor\":0.30480000000000002,\"WorldUpDirection\":[0,0,1],\"WorldFrontDirection\":[0,1,2.2204460492503126e-16],\"WorldRightDirection\":[1,0,0],\"Position\":[511207.63161755225,696061.76510615088,655.8843293976006],\"ViewDirection\":[-0.34270081728606261,0.89608796090923337,-0.28210373295119168],\"UpDirection\":[-0.1007700660764872,0.26349176444044264,0.95938390848241917],\"Projection\":\"Orthographic\",\"VerticalExtent\":550.65556360302924,\"HorizontalExtent\":831.52283856748898,\"TargetDistance\":2791.1806686489449,\"NearDistance\":0,\"NearDistanceType\":\"Auto\",\"FarDistance\":0,\"FarDistanceType\":\"Auto\",\"UpOffset\":0,\"RightOffset\":0,\"ImageFit\":\"Vertical\",\"HorizontalScale\":1,\"ApertureDiameter\":0,\"ShutterSpeed\":0}"},{"Name":"geo-4419","ClippingPlanesJson":"{\"Type\":\"ClipPlaneSet\",\"Version\":1,\"OrientedBox\":{\"Type\":\"OrientedBox3D\",\"Version\":1,\"Box\":[[510385.96378887288,697503.15118879231,-137.13026558479999],[510411.91844344081,698620.60019923456,135.58614495110001]],\"Rotation\":[0,0,122.53400283160799]},\"Enabled\":true}","CameraJson":"{\"Type\":\"AutodeskCommonCamera\",\"Version\":1,\"UnitsToMetersScaleFactor\":0.30480000000000002,\"WorldUpDirection\":[0,0,1],\"WorldFrontDirection\":[0,1,2.2204460492503126e-16],\"WorldRightDirection\":[1,0,0],\"Position\":[510832.43589036347,696966.68352212326,1211.5203059039491],\"ViewDirection\":[-0.20920515771755754,0.67545036978516482,-0.70710678114515069],\"UpDirection\":[-0.20920515773290055,0.67545036969373862,0.70710678122794435],\"Projection\":\"Orthographic\",\"VerticalExtent\":487.37237948920176,\"HorizontalExtent\":735.96144526455316,\"TargetDistance\":1692.2785317184187,\"NearDistance\":0,\"NearDistanceType\":\"Auto\",\"FarDistance\":0,\"FarDistanceType\":\"Auto\",\"UpOffset\":0,\"RightOffset\":0,\"ImageFit\":\"Vertical\",\"HorizontalScale\":1,\"ApertureDiameter\":0,\"ShutterSpeed\":0}"},{"Name":"geo-4436","ClippingPlanesJson":"{\"Type\":\"ClipPlaneSet\",\"Version\":1,\"OrientedBox\":{\"Type\":\"OrientedBox3D\",\"Version\":1,\"Box\":[[510076.31516195188,697822.5918849,-90.223096823800006],[511060.56713045592,697838.99608437496,73.818897926899993]],\"Rotation\":[0,0,29.069818386848318]},\"Enabled\":true}","CameraJson":"{\"Type\":\"AutodeskCommonCamera\",\"Version\":1,\"UnitsToMetersScaleFactor\":0.30480000000000002,\"WorldUpDirection\":[0,0,1],\"WorldFrontDirection\":[0,1,2.2204460492503126e-16],\"WorldRightDirection\":[1,0,0],\"Position\":[511493.48351228912,696090.04222898348,390.11019769439963],\"ViewDirection\":[-0.44694253411214269,0.87280430420832511,-0.1960995098332422],\"UpDirection\":[-0.089380626035565763,0.17454547099918749,0.98058400060533435],\"Projection\":\"Orthographic\",\"VerticalExtent\":348.80462729083843,\"HorizontalExtent\":526.71585099872664,\"TargetDistance\":3914.8194902401679,\"NearDistance\":0,\"NearDistanceType\":\"Auto\",\"FarDistance\":0,\"FarDistanceType\":\"Auto\",\"UpOffset\":0,\"RightOffset\":0,\"ImageFit\":\"Vertical\",\"HorizontalScale\":1,\"ApertureDiameter\":0,\"ShutterSpeed\":0}"},{"Name":"geo-4441","ClippingPlanesJson":"{\"Type\":\"ClipPlaneSet\",\"Version\":1,\"OrientedBox\":{\"Type\":\"OrientedBox3D\",\"Version\":1,\"Box\":[[510166.11583050492,697776.15063782525,-144.54376960850001],[511150.36779900879,697792.55483730021,117.9234219926]],\"Rotation\":[0,0,27.805038338423778]},\"Enabled\":true}","CameraJson":"{\"Type\":\"AutodeskCommonCamera\",\"Version\":1,\"UnitsToMetersScaleFactor\":0.30480000000000002,\"WorldUpDirection\":[0,0,1],\"WorldFrontDirection\":[0,1,2.2204460492503126e-16],\"WorldRightDirection\":[1,0,0],\"Position\":[511415.41498381214,696039.3779007016,386.0825649292297],\"ViewDirection\":[-0.4015277337786427,0.89322420109553946,-0.20230176861269106],\"UpDirection\":[-0.082944800958920401,0.18451603067947209,0.97932323285837419],\"Projection\":\"Orthographic\",\"VerticalExtent\":387.11904119531624,\"HorizontalExtent\":584.57290777563526,\"TargetDistance\":8701.6868559707327,\"NearDistance\":0,\"NearDistanceType\":\"Auto\",\"FarDistance\":0,\"FarDistanceType\":\"Auto\",\"UpOffset\":0,\"RightOffset\":0,\"ImageFit\":\"Vertical\",\"HorizontalScale\":1,\"ApertureDiameter\":0,\"ShutterSpeed\":0}"},{"Name":"geo-4466","ClippingPlanesJson":"{\"Type\":\"ClipPlaneSet\",\"Version\":1,\"OrientedBox\":{\"Type\":\"OrientedBox3D\",\"Version\":1,\"Box\":[[510699.14567983209,696797.33107676636,-137.13026558479999],[510725.10033440008,697914.78008720861,135.58614495110001]],\"Rotation\":[0,0,112.19995265879388]},\"Enabled\":true}","CameraJson":"{\"Type\":\"AutodeskCommonCamera\",\"Version\":1,\"UnitsToMetersScaleFactor\":0.30480000000000002,\"WorldUpDirection\":[0,0,1],\"WorldFrontDirection\":[0,1,2.2204460492503126e-16],\"WorldRightDirection\":[1,0,0],\"Position\":[510254.8292181096,696162.68832958071,616.41249676534062],\"ViewDirection\":[0.30306101100208183,0.83118722003609125,-0.4661349899536299],\"UpDirection\":[0.15967578635934898,0.4379331822431296,0.88471360967316959],\"Projection\":\"Orthographic\",\"VerticalExtent\":555.82396961739835,\"HorizontalExtent\":839.32744079799625,\"TargetDistance\":1595.8759752735361,\"NearDistance\":0,\"NearDistanceType\":\"Auto\",\"FarDistance\":0,\"FarDistanceType\":\"Auto\",\"UpOffset\":0,\"RightOffset\":0,\"ImageFit\":\"Vertical\",\"HorizontalScale\":1,\"ApertureDiameter\":0,\"ShutterSpeed\":0}"},{"Name":"geo-4485","ClippingPlanesJson":"{\"Type\":\"ClipPlaneSet\",\"Version\":1,\"OrientedBox\":{\"Type\":\"OrientedBox3D\",\"Version\":1,\"Box\":[[510788.62069437909,696696.75503653323,-137.13026558479999],[510814.57534894708,697423.84662083851,135.58614495110001]],\"Rotation\":[0,0,106.77504193456747]},\"Enabled\":true}","CameraJson":"{\"Type\":\"AutodeskCommonCamera\",\"Version\":1,\"UnitsToMetersScaleFactor\":0.30480000000000002,\"WorldUpDirection\":[0,0,1],\"WorldFrontDirection\":[0,1,2.2204460492503126e-16],\"WorldRightDirection\":[1,0,0],\"Position\":[510361.20356402855,695933.53850299865,397.70147527701732],\"ViewDirection\":[0.3598525070227615,0.86904084435553097,-0.33952052078079092],\"UpDirection\":[0.12989313862045915,0.31369086147126712,0.94059864765411005],\"Projection\":\"Orthographic\",\"VerticalExtent\":438.00654045656142,\"HorizontalExtent\":661.41607550183312,\"TargetDistance\":1453.6537401866303,\"NearDistance\":0,\"NearDistanceType\":\"Auto\",\"FarDistance\":0,\"FarDistanceType\":\"Auto\",\"UpOffset\":0,\"RightOffset\":0,\"ImageFit\":\"Vertical\",\"HorizontalScale\":1,\"ApertureDiameter\":0,\"ShutterSpeed\":0}"},{"Name":"geo-4500","ClippingPlanesJson":"{\"Type\":\"ClipPlaneSet\",\"Version\":1,\"OrientedBox\":{\"Type\":\"OrientedBox3D\",\"Version\":1,\"Box\":[[510839.56523153931,696459.52688192076,-137.13026558479999],[510865.5198861073,697186.61846622603,135.58614495110001]],\"Rotation\":[0,0,101.80884169786901]},\"Enabled\":true}","CameraJson":"{\"Type\":\"AutodeskCommonCamera\",\"Version\":1,\"UnitsToMetersScaleFactor\":0.30480000000000002,\"WorldUpDirection\":[0,0,1],\"WorldFrontDirection\":[0,1,2.2204460492503126e-16],\"WorldRightDirection\":[1,0,0],\"Position\":[510767.84649690514,696501.05977349426,81.343084864056436],\"ViewDirection\":[0.37799792416358241,0.88142606870100115,-0.28320602878879714],\"UpDirection\":[0.11162116247641099,0.26028133015976318,0.9590590937255532],\"Projection\":\"Orthographic\",\"VerticalExtent\":388.82327826084145,\"HorizontalExtent\":587.1464076837176,\"TargetDistance\":601.1310420742011,\"NearDistance\":0,\"NearDistanceType\":\"Auto\",\"FarDistance\":0,\"FarDistanceType\":\"Auto\",\"UpOffset\":0,\"RightOffset\":0,\"ImageFit\":\"Vertical\",\"HorizontalScale\":1,\"ApertureDiameter\":0,\"ShutterSpeed\":0}"},{"Name":"geo-4512","ClippingPlanesJson":"{\"Type\":\"ClipPlaneSet\",\"Version\":1,\"OrientedBox\":{\"Type\":\"OrientedBox3D\",\"Version\":1,\"Box\":[[509801.75123206992,696618.3342639422,-130.45929231509999],[512009.94271552807,696634.73846341716,81.246696]],\"Rotation\":[0,0,9.9782776200708749]},\"Enabled\":true}","CameraJson":"{\"Type\":\"AutodeskCommonCamera\",\"Version\":1,\"UnitsToMetersScaleFactor\":0.30480000000000002,\"WorldUpDirection\":[0,0,1],\"WorldFrontDirection\":[0,1,2.2204460492503126e-16],\"WorldRightDirection\":[1,0,0],\"Position\":[510776.41431321594,696315.10461781989,193.85667433217168],\"ViewDirection\":[0.44193833595335835,0.76849210766013054,-0.46272063675490738],\"UpDirection\":[0.23067459713989794,0.40112294613149813,0.88650415245566294],\"Projection\":\"Orthographic\",\"VerticalExtent\":399.54734493128342,\"HorizontalExtent\":603.34038981738661,\"TargetDistance\":627.70294810318592,\"NearDistance\":0,\"NearDistanceType\":\"Auto\",\"FarDistance\":0,\"FarDistanceType\":\"Auto\",\"UpOffset\":0,\"RightOffset\":0,\"ImageFit\":\"Vertical\",\"HorizontalScale\":1,\"ApertureDiameter\":0,\"ShutterSpeed\":0}"},{"Name":"geo-4570","ClippingPlanesJson":"{\"Type\":\"ClipPlaneSet\",\"Version\":1,\"OrientedBox\":{\"Type\":\"OrientedBox3D\",\"Version\":1,\"Box\":[[510436.97539544583,695687.0551225961,-84.727690258699994],[511421.2273639497,695703.45932207105,79.314304492000005]],\"Rotation\":[0,0,-8.9276430019250252]},\"Enabled\":true}","CameraJson":"{\"Type\":\"AutodeskCommonCamera\",\"Version\":1,\"UnitsToMetersScaleFactor\":0.30480000000000002,\"WorldUpDirection\":[0,0,1],\"WorldFrontDirection\":[0,1,2.2204460492503126e-16],\"WorldRightDirection\":[1,0,0],\"Position\":[510958.41413857415,695578.96423750999,-12.587120746646214],\"ViewDirection\":[0.32512412383046613,0.90987401435596782,-0.25772772862699078],\"UpDirection\":[0.086723221924560945,0.24269871215614469,0.9662175831026738],\"Projection\":\"Orthographic\",\"VerticalExtent\":295.03347894575415,\"HorizontalExtent\":445.51820067012466,\"TargetDistance\":72.544966989541251,\"NearDistance\":0,\"NearDistanceType\":\"Auto\",\"FarDistance\":0,\"FarDistanceType\":\"Auto\",\"UpOffset\":0,\"RightOffset\":0,\"ImageFit\":\"Vertical\",\"HorizontalScale\":1,\"ApertureDiameter\":0,\"ShutterSpeed\":0}"},{"Name":"geo-4535","ClippingPlanesJson":"{\"Type\":\"ClipPlaneSet\",\"Version\":1,\"OrientedBox\":{\"Type\":\"OrientedBox3D\",\"Version\":1,\"Box\":[[503772.05431457137,703442.79881527799,-193.80246784600001],[504592.65440127999,703459.20301475294,111.7814704231]],\"Rotation\":[0,0,70.896737152636717]},\"Enabled\":true}","CameraJson":"{\"Type\":\"AutodeskCommonCamera\",\"Version\":1,\"UnitsToMetersScaleFactor\":0.30480000000000002,\"WorldUpDirection\":[0,0,1],\"WorldFrontDirection\":[0,1,2.2204460492503126e-16],\"WorldRightDirection\":[1,0,0],\"Position\":[508148.48019364179,696423.04548202991,4001.8787007557257],\"ViewDirection\":[-0.43929618184946784,0.77746583490332744,-0.45007303870655407],\"UpDirection\":[-0.22140783278626155,0.39184730667881607,0.89299174678686066],\"Projection\":\"Orthographic\",\"VerticalExtent\":554.58083555807468,\"HorizontalExtent\":837.45023401020842,\"TargetDistance\":9133.0929677766217,\"NearDistance\":0,\"NearDistanceType\":\"Auto\",\"FarDistance\":0,\"FarDistanceType\":\"Auto\",\"UpOffset\":0,\"RightOffset\":0,\"ImageFit\":\"Vertical\",\"HorizontalScale\":1,\"ApertureDiameter\":0,\"ShutterSpeed\":0}"},{"Name":"geo-4542","ClippingPlanesJson":"{\"Type\":\"ClipPlaneSet\",\"Version\":1,\"OrientedBox\":{\"Type\":\"OrientedBox3D\",\"Version\":1,\"Box\":[[503882.41147986212,703398.72733104194,-193.80246784600001],[504703.01156657073,703415.1315305169,111.7814704231]],\"Rotation\":[0,0,68.251553125242751]},\"Enabled\":true}","CameraJson":"{\"Type\":\"AutodeskCommonCamera\",\"Version\":1,\"UnitsToMetersScaleFactor\":0.30480000000000002,\"WorldUpDirection\":[0,0,1],\"WorldFrontDirection\":[0,1,2.2204460492503126e-16],\"WorldRightDirection\":[1,0,0],\"Position\":[507487.13320975716,696132.75381210295,3702.8967529177608],\"ViewDirection\":[-0.36018834012968171,0.82943993531458171,-0.42695872556954212],\"UpDirection\":[-0.17006576056437656,0.39162659565410995,0.90427111347207856],\"Projection\":\"Orthographic\",\"VerticalExtent\":466.69907625371621,\"HorizontalExtent\":704.74352080291999,\"TargetDistance\":20652.857508378296,\"NearDistance\":0,\"NearDistanceType\":\"Auto\",\"FarDistance\":0,\"FarDistanceType\":\"Auto\",\"UpOffset\":0,\"RightOffset\":0,\"ImageFit\":\"Vertical\",\"HorizontalScale\":1,\"ApertureDiameter\":0,\"ShutterSpeed\":0}"},{"Name":"geo-4545","ClippingPlanesJson":"{\"Type\":\"ClipPlaneSet\",\"Version\":1,\"OrientedBox\":{\"Type\":\"OrientedBox3D\",\"Version\":1,\"Box\":[[503929.06063918251,703378.99193345744,-193.80246784600001],[504749.66072589118,703395.39613293239,111.7814704231]],\"Rotation\":[0,0,67.047204738925373]},\"Enabled\":true}","CameraJson":"{\"Type\":\"AutodeskCommonCamera\",\"Version\":1,\"UnitsToMetersScaleFactor\":0.30480000000000002,\"WorldUpDirection\":[0,0,1],\"WorldFrontDirection\":[0,1,2.2204460492503126e-16],\"WorldRightDirection\":[1,0,0],\"Position\":[507217.24636622891,696041.02001200011,3569.353712039313],\"ViewDirection\":[-0.33084042247769097,0.84684895176994346,-0.41640301120540824],\"UpDirection\":[-0.15152436971207145,0.38785542812276186,0.90918014290847171],\"Projection\":\"Orthographic\",\"VerticalExtent\":446.31225758467519,\"HorizontalExtent\":673.95820517272591,\"TargetDistance\":20117.40286825232,\"NearDistance\":0,\"NearDistanceType\":\"Auto\",\"FarDistance\":0,\"FarDistanceType\":\"Auto\",\"UpOffset\":0,\"RightOffset\":0,\"ImageFit\":\"Vertical\",\"HorizontalScale\":1,\"ApertureDiameter\":0,\"ShutterSpeed\":0}"},{"Name":"geo-4548","ClippingPlanesJson":"{\"Type\":\"ClipPlaneSet\",\"Version\":1,\"OrientedBox\":{\"Type\":\"OrientedBox3D\",\"Version\":1,\"Box\":[[503974.74977821799,703358.26493425958,-193.80246784600001],[504795.34986492671,703374.66913373454,111.7814704231]],\"Rotation\":[0,0,65.603470023092243]},\"Enabled\":true}","CameraJson":"{\"Type\":\"AutodeskCommonCamera\",\"Version\":1,\"UnitsToMetersScaleFactor\":0.30480000000000002,\"WorldUpDirection\":[0,0,1],\"WorldFrontDirection\":[0,1,2.2204460492503126e-16],\"WorldRightDirection\":[1,0,0],\"Position\":[507239.66376170161,696038.65408580459,3546.683410441377],\"ViewDirection\":[-0.33084042247769097,0.84684895176994346,-0.41640301120540824],\"UpDirection\":[-0.15152436971207145,0.38785542812276186,0.90918014290847171],\"Projection\":\"Orthographic\",\"VerticalExtent\":459.80204557019761,\"HorizontalExtent\":694.32859192411024,\"TargetDistance\":20546.826692266077,\"NearDistance\":0,\"NearDistanceType\":\"Auto\",\"FarDistance\":0,\"FarDistanceType\":\"Auto\",\"UpOffset\":0,\"RightOffset\":0,\"ImageFit\":\"Vertical\",\"HorizontalScale\":1,\"ApertureDiameter\":0,\"ShutterSpeed\":0}"},{"Name":"geo-4554","ClippingPlanesJson":"{\"Type\":\"ClipPlaneSet\",\"Version\":1,\"OrientedBox\":{\"Type\":\"OrientedBox3D\",\"Version\":1,\"Box\":[[504195.12229072978,703366.02047049638,-175.10164786390001],[504812.05656116147,703382.42466997134,127.5062752425]],\"Rotation\":[0,0,63.762716162437997]},\"Enabled\":true}","CameraJson":"{\"Type\":\"AutodeskCommonCamera\",\"Version\":1,\"UnitsToMetersScaleFactor\":0.30480000000000002,\"WorldUpDirection\":[0,0,1],\"WorldFrontDirection\":[0,1,2.2204460492503126e-16],\"WorldRightDirection\":[1,0,0],\"Position\":[508382.8637070072,698013.6341743872,4744.9473164566962],\"ViewDirection\":[-0.47517194627613402,0.65545562483055098,-0.58701750003738662],\"UpDirection\":[-0.34454437058045218,0.47526700080214207,0.80957424282758472],\"Projection\":\"Orthographic\",\"VerticalExtent\":469.63121871723752,\"HorizontalExtent\":709.17123130928144,\"TargetDistance\":7996.0991849718748,\"NearDistance\":0,\"NearDistanceType\":\"Auto\",\"FarDistance\":0,\"FarDistanceType\":\"Auto\",\"UpOffset\":0,\"RightOffset\":0,\"ImageFit\":\"Vertical\",\"HorizontalScale\":1,\"ApertureDiameter\":0,\"ShutterSpeed\":0}"},{"Name":"geo-4558","ClippingPlanesJson":"{\"Type\":\"ClipPlaneSet\",\"Version\":1,\"OrientedBox\":{\"Type\":\"OrientedBox3D\",\"Version\":1,\"Box\":[[504255.80144592351,703336.11895301635,-175.10164786390001],[504872.73571635521,703352.52315249131,127.5062752425]],\"Rotation\":[0,0,62.14201529418532]},\"Enabled\":true}","CameraJson":"{\"Type\":\"AutodeskCommonCamera\",\"Version\":1,\"UnitsToMetersScaleFactor\":0.30480000000000002,\"WorldUpDirection\":[0,0,1],\"WorldFrontDirection\":[0,1,2.2204460492503126e-16],\"WorldRightDirection\":[1,0,0],\"Position\":[508453.05638275313,698032.04515146499,4708.662066088209],\"ViewDirection\":[-0.47517194627613402,0.65545562483055098,-0.58701750003738662],\"UpDirection\":[-0.34454437058045218,0.47526700080214207,0.80957424282758472],\"Projection\":\"Orthographic\",\"VerticalExtent\":398.6855489285204,\"HorizontalExtent\":602.03902630478581,\"TargetDistance\":8071.5759686032079,\"NearDistance\":0,\"NearDistanceType\":\"Auto\",\"FarDistance\":0,\"FarDistanceType\":\"Auto\",\"UpOffset\":0,\"RightOffset\":0,\"ImageFit\":\"Vertical\",\"HorizontalScale\":1,\"ApertureDiameter\":0,\"ShutterSpeed\":0}"},{"Name":"geo-4602","ClippingPlanesJson":"{\"Type\":\"ClipPlaneSet\",\"Version\":1,\"OrientedBox\":{\"Type\":\"OrientedBox3D\",\"Version\":1,\"Box\":[[504700.13222797692,702907.27904985228,-123.860767103],[505634.54836682032,702924.61858463835,94.333205539800005]],\"Rotation\":[0,0,53.579263208128381]},\"Enabled\":true}","CameraJson":"{\"Type\":\"AutodeskCommonCamera\",\"Version\":1,\"UnitsToMetersScaleFactor\":0.30480000000000002,\"WorldUpDirection\":[0,0,1],\"WorldFrontDirection\":[0,1,2.2204460492503126e-16],\"WorldRightDirection\":[1,0,0],\"Position\":[507204.30951728538,696350.46838269895,3356.6483438785181],\"ViewDirection\":[-0.26212428352207329,0.85806071038957654,-0.44161371952621148],\"UpDirection\":[-0.12902028305536456,0.42234635529869202,0.89720528460671978],\"Projection\":\"Orthographic\",\"VerticalExtent\":506.11374224961321,\"HorizontalExtent\":764.26202404957905,\"TargetDistance\":7594.7923588920585,\"NearDistance\":0,\"NearDistanceType\":\"Auto\",\"FarDistance\":0,\"FarDistanceType\":\"Auto\",\"UpOffset\":0,\"RightOffset\":0,\"ImageFit\":\"Vertical\",\"HorizontalScale\":1,\"ApertureDiameter\":0,\"ShutterSpeed\":0}"},{"Name":"geo-3428","ClippingPlanesJson":"{\"Type\":\"ClipPlaneSet\",\"Version\":1,\"OrientedBox\":{\"Type\":\"OrientedBox3D\",\"Version\":1,\"Box\":[[503535.41527572769,703476.86015375296,-158.42159134299999],[504023.34700657061,703497.19656615343,76.400593920099993]],\"Rotation\":[0,0,72.010495198381861]},\"Enabled\":true}","CameraJson":"{\"Type\":\"AutodeskCommonCamera\",\"Version\":1,\"UnitsToMetersScaleFactor\":0.30480000000000002,\"WorldUpDirection\":[0,0,1],\"WorldFrontDirection\":[0,1,2.2204460492503126e-16],\"WorldRightDirection\":[1,0,0],\"Position\":[508582.57896410261,696402.06430566346,4069.6419507992241],\"ViewDirection\":[-0.50600855053021609,0.74709967963397483,-0.43104224326755042],\"UpDirection\":[-0.24171936887803405,0.35688816482243713,0.90233174859298737],\"Projection\":\"Orthographic\",\"VerticalExtent\":275.28684515012424,\"HorizontalExtent\":415.69960249151438,\"TargetDistance\":9635.332574908105,\"NearDistance\":0,\"NearDistanceType\":\"Auto\",\"FarDistance\":0,\"FarDistanceType\":\"Auto\",\"UpOffset\":0,\"RightOffset\":0,\"ImageFit\":\"Vertical\",\"HorizontalScale\":1,\"ApertureDiameter\":0,\"ShutterSpeed\":0}"},{"Name":"geo-3438","ClippingPlanesJson":"{\"Type\":\"ClipPlaneSet\",\"Version\":1,\"OrientedBox\":{\"Type\":\"OrientedBox3D\",\"Version\":1,\"Box\":[[503692.68657750828,703428.27608729585,-158.42159134299999],[504180.6183083512,703448.61249969632,76.400593920099993]],\"Rotation\":[0,0,72.845583322444199]},\"Enabled\":true}","CameraJson":"{\"Type\":\"AutodeskCommonCamera\",\"Version\":1,\"UnitsToMetersScaleFactor\":0.30480000000000002,\"WorldUpDirection\":[0,0,1],\"WorldFrontDirection\":[0,1,2.2204460492503126e-16],\"WorldRightDirection\":[1,0,0],\"Position\":[508850.10156309715,695912.67365465336,3475.5695763851709],\"ViewDirection\":[-0.5102164206385944,0.7798874942381091,-0.36256682203663398],\"UpDirection\":[-0.19849347144974452,0.30340573862993081,0.93195777777657685],\"Projection\":\"Orthographic\",\"VerticalExtent\":365.29208436235734,\"HorizontalExtent\":551.61289737589254,\"TargetDistance\":9871.6505434856808,\"NearDistance\":0,\"NearDistanceType\":\"Auto\",\"FarDistance\":0,\"FarDistanceType\":\"Auto\",\"UpOffset\":0,\"RightOffset\":0,\"ImageFit\":\"Vertical\",\"HorizontalScale\":1,\"ApertureDiameter\":0,\"ShutterSpeed\":0}"},{"Name":"geo-3439","ClippingPlanesJson":"{\"Type\":\"ClipPlaneSet\",\"Version\":1,\"OrientedBox\":{\"Type\":\"OrientedBox3D\",\"Version\":1,\"Box\":[[503708.8786820083,703423.27790668525,-158.42159134299999],[504196.81041285122,703443.61431908573,76.400593920099993]],\"Rotation\":[0,0,72.845583322444199]},\"Enabled\":true}","CameraJson":"{\"Type\":\"AutodeskCommonCamera\",\"Version\":1,\"UnitsToMetersScaleFactor\":0.30480000000000002,\"WorldUpDirection\":[0,0,1],\"WorldFrontDirection\":[0,1,2.2204460492503126e-16],\"WorldRightDirection\":[1,0,0],\"Position\":[508784.40590947977,696969.47181774885,4353.1978150235973],\"ViewDirection\":[-0.5234239008384669,0.7060002181813555,-0.47706510243248912],\"UpDirection\":[-0.28412376910663473,0.38322942969918306,0.8788679582514537],\"Projection\":\"Orthographic\",\"VerticalExtent\":359.89367917480155,\"HorizontalExtent\":543.46098263644581,\"TargetDistance\":9394.9851272124652,\"NearDistance\":0,\"NearDistanceType\":\"Auto\",\"FarDistance\":0,\"FarDistanceType\":\"Auto\",\"UpOffset\":0,\"RightOffset\":0,\"ImageFit\":\"Vertical\",\"HorizontalScale\":1,\"ApertureDiameter\":0,\"ShutterSpeed\":0}"},{"Name":"geo-3440","ClippingPlanesJson":"{\"Type\":\"ClipPlaneSet\",\"Version\":1,\"OrientedBox\":{\"Type\":\"OrientedBox3D\",\"Version\":1,\"Box\":[[503724.61048153602,703418.42181306437,-158.42159134299999],[504212.54221237887,703438.75822546484,76.400593920099993]],\"Rotation\":[0,0,72.845583322444199]},\"Enabled\":true}","CameraJson":"{\"Type\":\"AutodeskCommonCamera\",\"Version\":1,\"UnitsToMetersScaleFactor\":0.30480000000000002,\"WorldUpDirection\":[0,0,1],\"WorldFrontDirection\":[0,1,2.2204460492503126e-16],\"WorldRightDirection\":[1,0,0],\"Position\":[508784.40590947977,696969.47181774885,4353.1978150235973],\"ViewDirection\":[-0.5234239008384669,0.7060002181813555,-0.47706510243248912],\"UpDirection\":[-0.28412376910663473,0.38322942969918306,0.8788679582514537],\"Projection\":\"Orthographic\",\"VerticalExtent\":359.89367917480155,\"HorizontalExtent\":543.46098263644581,\"TargetDistance\":9394.9851272124652,\"NearDistance\":0,\"NearDistanceType\":\"Auto\",\"FarDistance\":0,\"FarDistanceType\":\"Auto\",\"UpOffset\":0,\"RightOffset\":0,\"ImageFit\":\"Vertical\",\"HorizontalScale\":1,\"ApertureDiameter\":0,\"ShutterSpeed\":0}"},{"Name":"geo-3453","ClippingPlanesJson":"{\"Type\":\"ClipPlaneSet\",\"Version\":1,\"OrientedBox\":{\"Type\":\"OrientedBox3D\",\"Version\":1,\"Box\":[[503822.5159923415,703416.6696516159,-139.74106561630001],[504551.9003735772,703433.07385109086,57.720068193400003]],\"Rotation\":[0,0,82.407473795556186]},\"Enabled\":true}","CameraJson":"{\"Type\":\"AutodeskCommonCamera\",\"Version\":1,\"UnitsToMetersScaleFactor\":0.30480000000000002,\"WorldUpDirection\":[0,0,1],\"WorldFrontDirection\":[0,1,2.2204460492503126e-16],\"WorldRightDirection\":[1,0,0],\"Position\":[509086.01382238162,698510.72471573076,4834.0055796064335],\"ViewDirection\":[-0.57735026917640431,0.57735026920272348,-0.57735026918974963],\"UpDirection\":[-0.40824829048209632,0.40824829044580485,0.81649658092763855],\"Projection\":\"Orthographic\",\"VerticalExtent\":505.78768697829042,\"HorizontalExtent\":763.76966108684746,\"TargetDistance\":8519.5342578205564,\"NearDistance\":0,\"NearDistanceType\":\"Auto\",\"FarDistance\":0,\"FarDistanceType\":\"Auto\",\"UpOffset\":0,\"RightOffset\":0,\"ImageFit\":\"Vertical\",\"HorizontalScale\":1,\"ApertureDiameter\":0,\"ShutterSpeed\":0}"},{"Name":"geo-3460","ClippingPlanesJson":"{\"Type\":\"ClipPlaneSet\",\"Version\":1,\"OrientedBox\":{\"Type\":\"OrientedBox3D\",\"Version\":1,\"Box\":[[503931.04124872538,703411.69904275972,-139.74106561630001],[504660.42562996107,703428.10324223468,57.720068193400003]],\"Rotation\":[0,0,87.914074983977031]},\"Enabled\":true}","CameraJson":"{\"Type\":\"AutodeskCommonCamera\",\"Version\":1,\"UnitsToMetersScaleFactor\":0.30480000000000002,\"WorldUpDirection\":[0,0,1],\"WorldFrontDirection\":[0,1,2.2204460492503126e-16],\"WorldRightDirection\":[1,0,0],\"Position\":[511086.4664209027,697918.34663134743,3496.7822342858653],\"ViewDirection\":[-0.71955461162438272,0.58360798190852992,-0.37635473205838227],\"UpDirection\":[-0.29229886972048824,0.23707436618677658,0.92647564223635326],\"Projection\":\"Orthographic\",\"VerticalExtent\":392.35448621634151,\"HorizontalExtent\":592.47874291613937,\"TargetDistance\":9359.468969001462,\"NearDistance\":0,\"NearDistanceType\":\"Auto\",\"FarDistance\":0,\"FarDistanceType\":\"Auto\",\"UpOffset\":0,\"RightOffset\":0,\"ImageFit\":\"Vertical\",\"HorizontalScale\":1,\"ApertureDiameter\":0,\"ShutterSpeed\":0}"},{"Name":"geo-3466","ClippingPlanesJson":"{\"Type\":\"ClipPlaneSet\",\"Version\":1,\"OrientedBox\":{\"Type\":\"OrientedBox3D\",\"Version\":1,\"Box\":[[504024.09828331368,703416.27859601181,-139.74106561630001],[504753.48266454937,703432.68279548676,57.720068193400003]],\"Rotation\":[0,0,93.269202693175131]},\"Enabled\":true}","CameraJson":"{\"Type\":\"AutodeskCommonCamera\",\"Version\":1,\"UnitsToMetersScaleFactor\":0.30480000000000002,\"WorldUpDirection\":[0,0,1],\"WorldFrontDirection\":[0,1,2.2204460492503126e-16],\"WorldRightDirection\":[1,0,0],\"Position\":[511131.9915817795,697966.95455547818,3485.092512059337],\"ViewDirection\":[-0.71955461162438272,0.58360798190852992,-0.37635473205838227],\"UpDirection\":[-0.29229886972048824,0.23707436618677658,0.92647564223635326],\"Projection\":\"Orthographic\",\"VerticalExtent\":469.10615337467857,\"HorizontalExtent\":708.37835123517254,\"TargetDistance\":9374.6489663646062,\"NearDistance\":0,\"NearDistanceType\":\"Auto\",\"FarDistance\":0,\"FarDistanceType\":\"Auto\",\"UpOffset\":0,\"RightOffset\":0,\"ImageFit\":\"Vertical\",\"HorizontalScale\":1,\"ApertureDiameter\":0,\"ShutterSpeed\":0}"},{"Name":"geo-3475","ClippingPlanesJson":"{\"Type\":\"ClipPlaneSet\",\"Version\":1,\"OrientedBox\":{\"Type\":\"OrientedBox3D\",\"Version\":1,\"Box\":[[504163.15366976382,703349.94003099087,-150.558921709],[504928.80062352092,703368.52408422739,68.537924286099994]],\"Rotation\":[0,0,101.64133334834052]},\"Enabled\":true}","CameraJson":"{\"Type\":\"AutodeskCommonCamera\",\"Version\":1,\"UnitsToMetersScaleFactor\":0.30480000000000002,\"WorldUpDirection\":[0,0,1],\"WorldFrontDirection\":[0,1,2.2204460492503126e-16],\"WorldRightDirection\":[1,0,0],\"Position\":[511761.00125742203,699712.2738758527,3200.8136640787297],\"ViewDirection\":[-0.82887357189683675,0.41856269052704292,-0.37117903484671966],\"UpDirection\":[-0.3313302912800129,0.16731441656367868,0.9285613195100566],\"Projection\":\"Orthographic\",\"VerticalExtent\":338.0790039917992,\"HorizontalExtent\":510.51951826276581,\"TargetDistance\":8821.3488296276355,\"NearDistance\":0,\"NearDistanceType\":\"Auto\",\"FarDistance\":0,\"FarDistanceType\":\"Auto\",\"UpOffset\":0,\"RightOffset\":0,\"ImageFit\":\"Vertical\",\"HorizontalScale\":1,\"ApertureDiameter\":0,\"ShutterSpeed\":0}"},{"Name":"geo-3485","ClippingPlanesJson":"{\"Type\":\"ClipPlaneSet\",\"Version\":1,\"OrientedBox\":{\"Type\":\"OrientedBox3D\",\"Version\":1,\"Box\":[[504687.7820187739,703193.15280912502,-141.11929296970001],[504704.18621824897,703683.58891431999,59.098295546800003]],\"Rotation\":[0,0,21.008810779768158]},\"Enabled\":true}","CameraJson":"{\"Type\":\"AutodeskCommonCamera\",\"Version\":1,\"UnitsToMetersScaleFactor\":0.30480000000000002,\"WorldUpDirection\":[0,0,1],\"WorldFrontDirection\":[0,1,2.2204460492503126e-16],\"WorldRightDirection\":[1,0,0],\"Position\":[510821.29374002508,702287.81006922713,3191.3716029175316],\"ViewDirection\":[-0.8720603619498285,0.16844352167474341,-0.45949701318043901],\"UpDirection\":[-0.45115791942020933,0.087143771241395607,0.88817931459714583],\"Projection\":\"Orthographic\",\"VerticalExtent\":358.84723053897062,\"HorizontalExtent\":541.88078260289365,\"TargetDistance\":7815.9141785105239,\"NearDistance\":0,\"NearDistanceType\":\"Auto\",\"FarDistance\":0,\"FarDistanceType\":\"Auto\",\"UpOffset\":0,\"RightOffset\":0,\"ImageFit\":\"Vertical\",\"HorizontalScale\":1,\"ApertureDiameter\":0,\"ShutterSpeed\":0}"},{"Name":"geo-3493","ClippingPlanesJson":"{\"Type\":\"ClipPlaneSet\",\"Version\":1,\"OrientedBox\":{\"Type\":\"OrientedBox3D\",\"Version\":1,\"Box\":[[504803.08748816652,703334.32187807444,-141.11929296970001],[504819.49168764148,703662.40586757567,59.098295546800003]],\"Rotation\":[0,0,28.291208988800502]},\"Enabled\":true}","CameraJson":"{\"Type\":\"AutodeskCommonCamera\",\"Version\":1,\"UnitsToMetersScaleFactor\":0.30480000000000002,\"WorldUpDirection\":[0,0,1],\"WorldFrontDirection\":[0,1,2.2204460492503126e-16],\"WorldRightDirection\":[1,0,0],\"Position\":[510855.15253490105,702325.54067380587,3140.924231375926],\"ViewDirection\":[-0.8720603619498285,0.16844352167474341,-0.45949701318043901],\"UpDirection\":[-0.45115791942020933,0.087143771241395607,0.88817931459714583],\"Projection\":\"Orthographic\",\"VerticalExtent\":240.06367938392984,\"HorizontalExtent\":362.51051530678257,\"TargetDistance\":7553.8269474910676,\"NearDistance\":0,\"NearDistanceType\":\"Auto\",\"FarDistance\":0,\"FarDistanceType\":\"Auto\",\"UpOffset\":0,\"RightOffset\":0,\"ImageFit\":\"Vertical\",\"HorizontalScale\":1,\"ApertureDiameter\":0,\"ShutterSpeed\":0}"},{"Name":"geo-3516","ClippingPlanesJson":"{\"Type\":\"ClipPlaneSet\",\"Version\":1,\"OrientedBox\":{\"Type\":\"OrientedBox3D\",\"Version\":1,\"Box\":[[504790.77317100321,703699.90791246749,-139.74106561630001],[505461.94367117487,703720.24432486796,57.720068193400003]],\"Rotation\":[0,0,139.91089903564114]},\"Enabled\":true}","CameraJson":"{\"Type\":\"AutodeskCommonCamera\",\"Version\":1,\"UnitsToMetersScaleFactor\":0.30480000000000002,\"WorldUpDirection\":[0,0,1],\"WorldFrontDirection\":[0,1,2.2204460492503126e-16],\"WorldRightDirection\":[1,0,0],\"Position\":[509321.91243623721,704445.75867619971,1661.4896643175182],\"ViewDirection\":[-0.91594074378380852,-0.16029421400013777,-0.36791074846332161],\"UpDirection\":[-0.36240298846019575,-0.063422336680073521,0.92986110853458026],\"Projection\":\"Orthographic\",\"VerticalExtent\":376.33303761227114,\"HorizontalExtent\":568.28539719917183,\"TargetDistance\":5310.2183105861968,\"NearDistance\":0,\"NearDistanceType\":\"Auto\",\"FarDistance\":0,\"FarDistanceType\":\"Auto\",\"UpOffset\":0,\"RightOffset\":0,\"ImageFit\":\"Vertical\",\"HorizontalScale\":1,\"ApertureDiameter\":0,\"ShutterSpeed\":0}"},{"Name":"geo-4592","ClippingPlanesJson":"{\"Type\":\"ClipPlaneSet\",\"Version\":1,\"OrientedBox\":{\"Type\":\"OrientedBox3D\",\"Version\":1,\"Box\":[[504567.51809405169,703005.12472665543,-123.860767103],[505501.93423289509,703022.46426144149,94.333205539800005]],\"Rotation\":[0,0,53.579263208128381]},\"Enabled\":true}","CameraJson":"{\"Type\":\"AutodeskCommonCamera\",\"Version\":1,\"UnitsToMetersScaleFactor\":0.30480000000000002,\"WorldUpDirection\":[0,0,1],\"WorldFrontDirection\":[0,1,2.2204460492503126e-16],\"WorldRightDirection\":[1,0,0],\"Position\":[506152.20354161866,697087.78273741703,3593.7253701192699],\"ViewDirection\":[-0.15923759917200558,0.84193361199822137,-0.51554939627310625],\"UpDirection\":[-0.095808955416838454,0.5065686765479076,0.85685986018860516],\"Projection\":\"Orthographic\",\"VerticalExtent\":666.73883060453568,\"HorizontalExtent\":1006.8155152739508,\"TargetDistance\":6874.6925181572879,\"NearDistance\":0,\"NearDistanceType\":\"Auto\",\"FarDistance\":0,\"FarDistanceType\":\"Auto\",\"UpOffset\":0,\"RightOffset\":0,\"ImageFit\":\"Vertical\",\"HorizontalScale\":1,\"ApertureDiameter\":0,\"ShutterSpeed\":0}"},{"Name":"geo-3166","ClippingPlanesJson":"{\"Type\":\"ClipPlaneSet\",\"Version\":1,\"OrientedBox\":{\"Type\":\"OrientedBox3D\",\"Version\":1,\"Box\":[[499630.57124265109,703663.39575780171,-212.6843965443],[499646.97544212622,704975.73171580688,76.529544630800004]],\"Rotation\":[0,0,8.1312188918052453]},\"Enabled\":true}","CameraJson":"{\"Type\":\"AutodeskCommonCamera\",\"Version\":1,\"UnitsToMetersScaleFactor\":0.30480000000000002,\"WorldUpDirection\":[0,0,1],\"WorldFrontDirection\":[0,1,2.2204460492503126e-16],\"WorldRightDirection\":[1,0,0],\"Position\":[509086.5253806145,698000.34909905726,5786.5471768284397],\"ViewDirection\":[-0.74234068340730319,0.48827036514514277,-0.45882715730371415],\"UpDirection\":[-0.38333851893739412,0.25213873200738612,0.88852554252570193],\"Projection\":\"Orthographic\",\"VerticalExtent\":444.08519036641627,\"HorizontalExtent\":670.59520046086891,\"TargetDistance\":17582.745790822872,\"NearDistance\":0,\"NearDistanceType\":\"Auto\",\"FarDistance\":0,\"FarDistanceType\":\"Auto\",\"UpOffset\":0,\"RightOffset\":0,\"ImageFit\":\"Vertical\",\"HorizontalScale\":1,\"ApertureDiameter\":0,\"ShutterSpeed\":0}"},{"Name":"geo-3915","ClippingPlanesJson":"{\"Type\":\"ClipPlaneSet\",\"Version\":1,\"OrientedBox\":{\"Type\":\"OrientedBox3D\",\"Version\":1,\"Box\":[[505410.3032724841,710131.96229527157,-112.62307439120001],[506367.01517376059,710148.36649474653,89.056093188700004]],\"Rotation\":[0,0,-25.322181963301823]},\"Enabled\":true}","CameraJson":"{\"Type\":\"AutodeskCommonCamera\",\"Version\":1,\"UnitsToMetersScaleFactor\":0.30480000000000002,\"WorldUpDirection\":[0,0,1],\"WorldFrontDirection\":[0,1,2.2204460492503126e-16],\"WorldRightDirection\":[1,0,0],\"Position\":[503201.11037187109,708583.87559976801,1025.1423953115525],\"ViewDirection\":[0.82235156167107248,0.47451759935709681,-0.31396011994762407],\"UpDirection\":[0.27193570537628431,0.15691376312812511,0.94943617114710455],\"Projection\":\"Orthographic\",\"VerticalExtent\":837.33543047306318,\"HorizontalExtent\":1264.4265853309932,\"TargetDistance\":5860.9935980598621,\"NearDistance\":0,\"NearDistanceType\":\"Auto\",\"FarDistance\":0,\"FarDistanceType\":\"Auto\",\"UpOffset\":0,\"RightOffset\":0,\"ImageFit\":\"Vertical\",\"HorizontalScale\":1,\"ApertureDiameter\":0,\"ShutterSpeed\":0}"},{"Name":"geo-3842","ClippingPlanesJson":"{\"Type\":\"ClipPlaneSet\",\"Version\":1,\"OrientedBox\":{\"Type\":\"OrientedBox3D\",\"Version\":1,\"Box\":[[505220.07808223681,708969.6059154484,-162.232540685],[506021.17876252538,708986.01011492335,67.823217723599996]],\"Rotation\":[0,0,-14.516236656956172]},\"Enabled\":true}","CameraJson":"{\"Type\":\"AutodeskCommonCamera\",\"Version\":1,\"UnitsToMetersScaleFactor\":0.30480000000000002,\"WorldUpDirection\":[0,0,1],\"WorldFrontDirection\":[0,1,2.2204460492503126e-16],\"WorldRightDirection\":[1,0,0],\"Position\":[502043.80269950913,705170.08661609062,2581.0855977553365],\"ViewDirection\":[0.60943770496811411,0.65431309025861728,-0.44772766686839544],\"UpDirection\":[0.30515688373400612,0.32762683038659574,0.89416997059875791],\"Projection\":\"Orthographic\",\"VerticalExtent\":710.03429885310391,\"HorizontalExtent\":1072.1942620527839,\"TargetDistance\":4692.325580966718,\"NearDistance\":0,\"NearDistanceType\":\"Auto\",\"FarDistance\":0,\"FarDistanceType\":\"Auto\",\"UpOffset\":0,\"RightOffset\":0,\"ImageFit\":\"Vertical\",\"HorizontalScale\":1,\"ApertureDiameter\":0,\"ShutterSpeed\":0}"},{"Name":"geo-3766","ClippingPlanesJson":"{\"Type\":\"ClipPlaneSet\",\"Version\":1,\"OrientedBox\":{\"Type\":\"OrientedBox3D\",\"Version\":1,\"Box\":[[505007.35578989319,707770.71997179918,-98.425193309799994],[505770.90098317713,707795.89893460611,49.212598425199999]],\"Rotation\":[0,0,-2.2358129031664813]},\"Enabled\":true}","CameraJson":"{\"Type\":\"AutodeskCommonCamera\",\"Version\":1,\"UnitsToMetersScaleFactor\":0.30480000000000002,\"WorldUpDirection\":[0,0,1],\"WorldFrontDirection\":[0,1,2.2204460492503126e-16],\"WorldRightDirection\":[1,0,0],\"Position\":[502024.53787688783,703064.22576960584,2581.3910645591582],\"ViewDirection\":[0.52816595713831682,0.74294964470686742,-0.4111770265349286],\"UpDirection\":[0.2382407925555611,0.33512366659578596,0.9115555127637015],\"Projection\":\"Orthographic\",\"VerticalExtent\":568.12594653283941,\"HorizontalExtent\":857.90416178449971,\"TargetDistance\":6094.9282344611865,\"NearDistance\":0,\"NearDistanceType\":\"Auto\",\"FarDistance\":0,\"FarDistanceType\":\"Auto\",\"UpOffset\":0,\"RightOffset\":0,\"ImageFit\":\"Vertical\",\"HorizontalScale\":1,\"ApertureDiameter\":0,\"ShutterSpeed\":0}"}]